{
    "name": "root",
    "gauges": {
        "MyBehavior.Policy.Entropy.mean": {
            "value": 1.411686897277832,
            "min": 1.411686897277832,
            "max": 1.419941782951355,
            "count": 10
        },
        "MyBehavior.Policy.Entropy.sum": {
            "value": 70577.2890625,
            "min": 69808.03125,
            "max": 72577.6328125,
            "count": 10
        },
        "MyBehavior.Step.mean": {
            "value": 499936.0,
            "min": 49984.0,
            "max": 499936.0,
            "count": 10
        },
        "MyBehavior.Step.sum": {
            "value": 499936.0,
            "min": 49984.0,
            "max": 499936.0,
            "count": 10
        },
        "MyBehavior.Policy.ExtrinsicValueEstimate.mean": {
            "value": -55.56629943847656,
            "min": -55.56629943847656,
            "max": -8.93710708618164,
            "count": 10
        },
        "MyBehavior.Policy.ExtrinsicValueEstimate.sum": {
            "value": -44119.640625,
            "min": -44514.3125,
            "max": -6979.880859375,
            "count": 10
        },
        "MyBehavior.Losses.PolicyLoss.mean": {
            "value": 0.025270132856288305,
            "min": 0.021766721674551563,
            "max": 0.025460580635505416,
            "count": 10
        },
        "MyBehavior.Losses.PolicyLoss.sum": {
            "value": 0.10108053142515322,
            "min": 0.10108053142515322,
            "max": 0.12680542557500304,
            "count": 10
        },
        "MyBehavior.Losses.ValueLoss.mean": {
            "value": 572.019761912028,
            "min": 385.9191111246745,
            "max": 616.0502797444663,
            "count": 10
        },
        "MyBehavior.Losses.ValueLoss.sum": {
            "value": 2288.079047648112,
            "min": 1549.0803461710611,
            "max": 3080.251398722331,
            "count": 10
        },
        "MyBehavior.Policy.LearningRate.mean": {
            "value": 1.4512895162399995e-05,
            "min": 1.4512895162399995e-05,
            "max": 0.000284448005184,
            "count": 10
        },
        "MyBehavior.Policy.LearningRate.sum": {
            "value": 5.805158064959998e-05,
            "min": 5.805158064959998e-05,
            "max": 0.0012813216728928,
            "count": 10
        },
        "MyBehavior.Policy.Epsilon.mean": {
            "value": 0.1048376,
            "min": 0.1048376,
            "max": 0.19481599999999996,
            "count": 10
        },
        "MyBehavior.Policy.Epsilon.sum": {
            "value": 0.4193504,
            "min": 0.4193504,
            "max": 0.9271072000000002,
            "count": 10
        },
        "MyBehavior.Policy.Beta.mean": {
            "value": 0.00025139623999999983,
            "min": 0.00025139623999999983,
            "max": 0.004741318400000001,
            "count": 10
        },
        "MyBehavior.Policy.Beta.sum": {
            "value": 0.0010055849599999993,
            "min": 0.0010055849599999993,
            "max": 0.021362649280000003,
            "count": 10
        },
        "MyBehavior.IsTraining.mean": {
            "value": 1.0,
            "min": 1.0,
            "max": 1.0,
            "count": 10
        },
        "MyBehavior.IsTraining.sum": {
            "value": 1.0,
            "min": 1.0,
            "max": 1.0,
            "count": 10
        },
        "MyBehavior.Environment.EpisodeLength.mean": {
            "value": 1999.0,
            "min": 1999.0,
            "max": 1999.0,
            "count": 8
        },
        "MyBehavior.Environment.EpisodeLength.sum": {
            "value": 35982.0,
            "min": 17991.0,
            "max": 71964.0,
            "count": 8
        },
        "MyBehavior.Environment.CumulativeReward.mean": {
            "value": -1130.0,
            "min": -1154.0277777777778,
            "max": -822.5,
            "count": 8
        },
        "MyBehavior.Environment.CumulativeReward.sum": {
            "value": -20340.0,
            "min": -41545.0,
            "max": -9230.0,
            "count": 8
        },
        "MyBehavior.Policy.ExtrinsicReward.mean": {
            "value": -1130.0,
            "min": -1154.0277777777778,
            "max": -822.5,
            "count": 8
        },
        "MyBehavior.Policy.ExtrinsicReward.sum": {
            "value": -20340.0,
            "min": -41545.0,
            "max": -9230.0,
            "count": 8
        }
    },
    "metadata": {
        "timer_format_version": "0.1.0",
        "start_time_seconds": "1726315600",
        "python_version": "3.10.12 | packaged by Anaconda, Inc. | (main, Jul  5 2023, 19:01:18) [MSC v.1916 64 bit (AMD64)]",
        "command_line_arguments": "C:\\Users\\gyeol\\miniconda3\\envs\\mlagents\\Scripts\\mlagents-learn --env=C:\\Users\\gyeol\\Documents\\Unity Projects\\Battle Reinforce Learning\\out\\Battle Reinforce Learning.exe --run-id=Battle_Reinforce_Learning_3 --num-envs=4 --width=640 --height=480",
        "mlagents_version": "1.1.0.dev0",
        "mlagents_envs_version": "1.1.0.dev0",
        "communication_protocol_version": "1.5.0",
        "pytorch_version": "2.2.2+cu121",
        "numpy_version": "1.23.5",
        "end_time_seconds": "1726315833"
    },
    "total": 232.97982679999768,
    "count": 1,
    "self": 0.27836260000185575,
    "children": {
        "run_training.setup": {
            "total": 0.24356979999720352,
            "count": 1,
            "self": 0.24356979999720352
        },
        "TrainerController.start_learning": {
            "total": 232.45789439999862,
            "count": 1,
            "self": 0.947706000006292,
            "children": {
                "TrainerController._reset_env": {
                    "total": 6.831723300001613,
                    "count": 1,
                    "self": 6.831723300001613
                },
                "TrainerController.advance": {
                    "total": 224.64276579999205,
                    "count": 48862,
                    "self": 0.9398238000139827,
                    "children": {
                        "env_step": {
                            "total": 140.0620536004135,
                            "count": 48862,
                            "self": 39.52221600056873,
                            "children": {
                                "SubprocessEnvManager._take_step": {
                                    "total": 99.97700180021639,
                                    "count": 55705,
                                    "self": 3.454268000987213,
                                    "children": {
                                        "TorchPolicy.evaluate": {
                                            "total": 96.52273379922917,
                                            "count": 55705,
                                            "self": 96.52273379922917
                                        }
                                    }
                                },
                                "workers": {
                                    "total": 0.5628357996283739,
                                    "count": 48862,
                                    "self": 0.0,
                                    "children": {
                                        "worker_root": {
                                            "total": 904.6365788000257,
                                            "count": 55702,
                                            "is_parallel": true,
                                            "self": 569.5188699997998,
                                            "children": {
                                                "steps_from_proto": {
                                                    "total": 0.0018962000031024218,
                                                    "count": 4,
                                                    "is_parallel": true,